Klub,ID Match,Home,Away,Match,Score tim home,Score tim away,Jumlah Tiket Terjual,Stadion,Lokasi,Hari,Waktu,Tanggal,Jam
Borneo Fc,1,Persib ,PSBS Biak,Persib vs PSBS Biak,4,1,10949,Stadion Si Jalak Harupat,Bandung,Weekday,Malam,9/8/2024,20:00:00
Persebaya,2,Madura United  ,Malut United,Madura United  vs Malut United,1,1,672,Stadion Gelora Bangkalan ,Madura,Weekend,Sore,10/8/2024,16:30:00
PERSIB,3,PSM Makassar ,PERSIS,PSM Makassar vs PERSIS,3,0,2408,Stadion Batakan,Balikpapan,Weekend,Sore,10/8/2024,16:30:00
Bali United,4,Persija ,Barito Putera,Persija vs Barito Putera,3,0,8672,Jakarta International Stadium,Jakarta,Weekend,Malam,10/8/2024,20:00:00
Persija,5,PSIS ,Persita,PSIS vs Persita,0,1,1706,Stadion Madya Magelang,Magelang,Weekend,Sore,11/8/2024,16:30:00
PSM Makassar,6,Persik ,Bali United,Persik vs Bali United,1,3,3902,Stadion Brawijaya,Kediri,Weekend,Sore,11/8/2024,16:30:00
Arema FC,7,Persebaya ,PSS Sleman,Persebaya vs PSS Sleman,1,0,15027,Stadion Gelora Bung Tomo,Surabaya,Weekend,Malam,11/8/2024,20:00:00
Persita,8,Arema FC ,Dewa United,Arema FC vs Dewa United,0,0,34,Stadion Gelora Soeprijadi,Blitar,Weekday,Sore,12/8/2024,16:30:00
Persik,9,Semen Padang ,Borneo FC,Semen Padang vs Borneo FC,1,3,165,Stadion PTIK,Jakarta,Weekday,Malam,12/8/2024,20:00:00
PSBS Biak,10,PSBS Biak ,PSM Makassar,PSBS Biak vs PSM Makassar,1,2,578,Stadion Kapten I Wayan Dipta ,Bali ,Weekday,Sore,16/8/2024,16:30:00
Dewa United,11,Malut United ,Persebaya,Malut United vs Persebaya,0,0,0,Stadion Utama Gelora Bung Karno,Jakarta,Weekday,Sore,16/8/2024,16:30:00
Malut United,12,Barito Putera ,Madura United,Barito Putera vs Madura United,1,0,0,Stadion Sultan Agung,Bantul,Weekday,Malam,16/8/2024,20:00:00
Barito Putera,13,Arema FC ,Borneo FC,Arema FC vs Borneo FC,0,2,119,Stadion Gelora Soeprijadi,Blitar,Weekend,Sore,17/8/2024,16:30:00
PSS Sleman,14,PERSIS ,PSIS,PERSIS vs PSIS,0,1,17899,Stadion Manahan,Solo,Weekend,Malam,17/8/2024,20:00:00
Persis,15,Bali United,Semen Padang,Bali United vs Semen Padang,2,0,5311,Stadion Kapten I Wayan Dipta ,Bali,Weekend,Sore,18/8/2024,16:30:00
PSIS,16,Persita ,Persija,Persita vs Persija,0,0,10017,Stadion Sultan Agung,Bantul,Weekend,Malam,18/8/2024,20:00:00
Madura United,17,PSS Sleman,Persik,PSS Sleman vs Persik,0,2,0,Stadion Manahan,Solo,Weekday,Sore,19/9/2024,16:30:00
Semen Padang,18,Dewa United ,PERSIB,Dewa United vs PERSIB,2,2,280,Stadion Kapten I Wayan Dipta ,Bali,Weekday,Malam,19/9/2024,20:00:00
,19,PSIS ,PSBS Biak,PSIS vs PSBS Biak,1,0,886,Stadion Madya Magelang,Magelang,Weekday,Sore,23/8/2024,16:30:00
,20,Persebaya ,Barito Putera,Persebaya vs Barito Putera,2,1,12182,Stadion Gelora Bung Tomo,Surabaya,Weekday,Malam,23/8/2024,20:00:00
,21,Madura United ,Persita,Madura United vs Persita,0,1,630,Stadion Gelora Bangkalan,Madura,Weekend,Sore,24/8/2024,16:30:00
,22,Persija ,Persis,Persija vs Persis,2,1,27009,Jakarta International Stadium,Jakarta,Weekend,Malam,24/8/2024,20:00:00
,23,Persik ,Malut United,Persik vs Malut United,0,0,2196,Stadion Brawijaya,Kediri,Weekend,Sore,25/8/2024,16:30:00
,24,Persib ,Arema FC ,Persib vs Arema FC ,1,1,24106,Stadion Si Jalak Harupat,Bandung,Weekend,Malam,25/8/2024,20:00:00
,25,Semen Padang ,PSS Sleman,Semen Padang vs PSS Sleman,1,0,8,Stadion PTIK,Jakarta,Weekday,Sore,26/8/2024,16:30:00
,26,PSM Makassar ,Dewa United,PSM Makassar vs Dewa United,3,1,3140,Stadion Batakan,Balikpapan,Weekday,Malam,26/8/2024,20:00:00
,27,Borneo FC ,Bali United,Borneo FC vs Bali United,2,0,8787,Stadion Batakan,Balikpapan,Weekday,Malam,27/8/2024,20:00:00
,28,Bali United ,Arema FC,Bali United vs Arema FC,0,0,2526,Stadion Kapten I Wayan Dipta ,Bali,Weekday,Sore,11/9/2024,16:30:00
,29,Dewa United ,PSIS,Dewa United vs PSIS,2,1,50,Stadion Pakansari,Bogor,Weekday,Sore,11/9/2024,16:30:00
,30,PSM Makassar ,PERSIB,PSM Makassar vs PERSIB,0,0,4876,Stadion Batakan,Balikpapan,Weekday,Sore,11/9/2024,16:30:00
,31,PSS Sleman ,Borneo FC,PSS Sleman vs Borneo FC,1,1,6716,Stadion Manahan,Solo,Weekday,Sore,12/9/2024,16:30:00
,32,PSBS Biak ,Persija,PSBS Biak vs Persija,3,1,603,Stadion Kapten I Wayan Dipta,Bali,Weekday,Malam,12/9/2024,20:00:00
,33,Malut United ,Semen Padang,Malut United vs Semen Padang,2,1,0,Stadion Sultan Agung  ,Bantul,Weekday,Sore,13/9/2024,16:30:00
,34,PERSIS,Madura United,PERSIS vs Madura United,4,0,10501,Stadion Manahan  ,Solo,Weekday,Malam,13/9/2024,20:00:00
,35,Barito Putera ,Persik,Barito Putera vs Persik,2,2,6922,Stadion Sultan Agung  ,Bantul,Weekend,Sore,14/9/2024,16:30:00
,36,Persita ,Persebaya,Persita vs Persebaya,0,1,0,Stadion Kapten I Wayan Dipta,Bali,Weekend,Malam,14/9/2024,20:00:00
,37,PSM Makassar ,Arema FC,PSM Makassar vs Arema FC,1,0,4429,Stadion Batakan,Balikpapan,Weekend,Sore,15/9/2024,16:30:00
,38,PERSIB ,PSIS,PERSIB vs PSIS,2,1,8146,Stadion Si Jalak Harupat,Bandung,Weekend,Malam,15/9/2024,20:00:00
,39,Bali United ,PSS Sleman,Bali United vs PSS Sleman,0,0,3450,Stadion Kapten I Wayan Dipta ,Bali,Weekday,Sore,16/9/2024,16:30:00
,40,Persija ,Dewa United,Persija vs Dewa United,0,0,542,Stadion Utama Gelora Bung Karno,Jakarta,Weekday,Malam,16/9/2024,20:00:00
,41,PSBS Biak ,Madura United,PSBS Biak vs Madura United,2,1,112,Stadion Kapten I Wayan Dipta,Bali,Weekday,Sore,17/9/2024,16:30:00
,42,Borneo FC ,Malut United,Borneo FC vs Malut United,1,0,1492,Stadion Batakan,Balikpapan,Weekday,Malam,17/9/2024,20:00:00
,43,Semen Padang ,Barito Putera,Semen Padang vs Barito Putera,1,2,0,Stadion Utama Sumatera Barat,Sumatera Barat,Weekday,Sore,18/9/2024,16:30:00
,44,Persik ,Persita,Persik vs Persita,1,0,1149,Stadion Brawijaya,Kediri,Weekday,Sore,18/9/2024,16:30:00
,45,Persebaya ,Persis,Persebaya vs Persis,2,1,5250,Stadion Gelora Bung Tomo,Surabaya,Weekday,Malam,18/9/2024,20:00:00
,46,PSS Sleman ,Arema FC,PSS Sleman vs Arema FC,0,0,11654,Stadion Manahan,Solo,Weekday,Sore,20/9/2024,16:30:00
,47,PSM Makassar ,PSIS,PSM Makassar vs PSIS,3,1,1408,Stadion Batakan,Balikpapan,Weekday,Malam,20/9/2024,20:00:00
,48,Dewa United,Madura United,Dewa United vs Madura United,3,3,277,Stadion Kapten I Wayan Dipta ,Bali,Weekend,Sore,21/9/2024,16:30:00
,49,Malut United ,Bali United,Malut United vs Bali United,1,4,0,Stadion Sultan Agung,Bantul,Weekend,Malam,21/9/2024,20:00:00
,50,Persita ,Semen Padang,Persita vs Semen Padang,1,0,0,Stadion Sultan Agung,Bantul,Weekend,Sore,22/9/2024,16:30:00
,51,PSBS Biak ,Persebaya,PSBS Biak vs Persebaya,0,1,200,Stadion Kapten I Wayan Dipta ,Bali,Weekend,Malam,22/9/2024,20:00:00
,52,PERSIS,Persik,PERSIS vs Persik,0,1,12588,Stadion Manahan,Solo,Weekday,Sore,23/9/2024,16:30:00
,53,PERSIB,Persija,PERSIB vs Persija,2,0,0,Stadion Si Jalak Harupat,Bandung,Weekday,Sore,23/9/2024,16:30:00
,54,Barito Putera ,Borneo FC,Barito Putera vs Borneo FC,1,1,3826,Stadion Sultan Agung,Bantul,Weekday,Malam,23/9/2024,20:00:00
,55,PSIS ,Arema FC,PSIS vs Arema FC,1,2,4138,Stadion Moch. Soebroto,Magelang,Weekday,Sore,26/9/2024,16:30:00
,56,PSS Sleman ,Malut United,PSS Sleman vs Malut United,0,1,5084,Stadion Manahan,Solo,Weekday,Malam,26/9/2024,20:00:00
,57,Bali United ,Barito Putera,Bali United vs Barito Putera,3,2,5873,Stadion Kapten I Wayan Dipta ,Bali,Weekday,Sore,27/9/2024,16:30:00
,58,Persebaya ,Dewa United,Persebaya vs Dewa United,0,0,4500,Stadion Gelora Bung Tomo,Surabaya,Weekday,Malam,27/9/2024,20:00:00
,59,Persik ,PSBS Biak,Persik vs PSBS Biak,0,1,3318,Stadion Brawijaya,Kediri,Weekend,Sore,28/9/2024,16:30:00
,60,Madura United,PERSIB,Madura United vs PERSIB,2,2,4503,Stadion Gelora Bangkalan,Madura,Weekend,Malam,28/9/2024,20:00:00
,61,Semen Padang ,PERSIS,Semen Padang vs PERSIS,0,0,1462,Stadion Pakansari,Bogor,Weekend,Sore,29/9/2024,16:30:00
,62,Persija ,PSM Makassar,Persija vs PSM Makassar,1,1,37438,Stadion Sultan Agung,Bantul,Weekend,Malam,29/9/2024,20:00:00
,63,Borneo FC ,Persita,Borneo FC vs Persita,0,0,5720,Stadion Batakan,Balikpapan,Weekday,Malam,30/9/2024,20:00:00
,64,Dewa United ,Persik,Dewa United vs Persik,2,3,1871,Stadion Pakansari,Bogor,Weekday,Sore,17/10/2024,16:30:00
,65,PSIS ,Persija,PSIS vs Persija,0,2,18726,Stadion Moch. Soebroto,Magelang,Weekday,Malam,17/10/2024,20:00:00
,66,PSBS Biak ,Semen Padang,PSBS Biak vs Semen Padang,3,2,103,Stadion Kapten I Wayan Dipta ,Bali,Weekday,Sore,18/10/2024,16:30:00
,67,PERSIB ,Persebaya,PERSIB vs Persebaya,2,0,11321,Stadion Si Jalak Harupat,Bandung,Weekday,Sore,18/10/2024,16:30:00
,68,PSM Makassar ,Madura United,PSM Makassar vs Madura United,2,0,2224,Stadion Batakan,Balikpapan,Weekday,Malam,18/10/2024,20:00:00
,69,Arema FC ,Malut United,Arema FC vs Malut United,3,1,269,Stadion Gelora Soeprojadi,Blitar,Weekend,Sore,19/10/2024,16:30:00
,70,PERSIS ,Borneo FC ,PERSIS vs Borneo FC ,3,2,8898,Stadion Manahan,Solo,Weekend,Malam,19/10/2024,20:00:00
,71,Barito Putera ,PSS Sleman,Barito Putera vs PSS Sleman,0,3,0,Stadion Sultan Agung,Bantul,Weekday,Sore,20/10/2024,16:30:00
,72,Persita ,Bali United,Persita vs Bali United,0,1,2674,Stadion Kapten I Wayan Dipta ,Bali,Weekday,Malam,20/10/2024,20:00:00
,73,Madura United ,PSIS,Madura United vs PSIS,2,0,4190,Stadion Geloran Bangkalan,Madura,Weekday,Sore,23/10/2024,16:30:00
,74,Persebaya ,PSM Makassar,Persebaya vs PSM Makassar,1,1,5078,Stadion Gelora Bung Tomo,Surabaya,Weekday,Malam,23/10/2024,20:00:00
,75,Semen Padang ,Dewa United,Semen Padang vs Dewa United,1,8,6820,Stadion Haji Agus Salim,Padang,Weekday,Sore,25/10/2024,16:30:00
,76,Borneo FC ,PSBS Biak,Borneo FC vs PSBS Biak,3,0,742,Stadion Batakan,Balikpapan,Weekday,Malam,25/10/2024,20:00:00
,77,Malut United ,Barito Putera,Malut United vs Barito Putera,0,0,0,Stadion Brawijaya,Kediri,Weekend,Sore,26/10/2024,16:30:00
,78,Arema FC ,Persija,Arema FC vs Persija,1,2,154,Stadion Gelora Soeprojadi,Blitar,Weekend,Malam,26/10/2024,20:00:00
,79,PSS Sleman,Persita,PSS Sleman vs Persita,1,2,7198,Stadion Manahan,Solo,Weekend,Sore,27/10/2024,16:30:00
,80,Bali United ,PERSIS,Bali United vs PERSIS,3,0,5898,Stadion Kapten I Wayan Dipta ,Bali,Weekend,Malam,27/10/2024,20:00:00
,81,Persik,Persib,Persik vs Persib,0,2,4703,Stadion Brawijaya,Kediri,Weekday,Malam,28/10/2024,20:00:00
,82,Barito Putera ,Arema FC,Barito Putera vs Arema FC,1,3,4950,Stadion Sultan Agung,Bantul,Weekday,Sore,1/11/2024,15:30:00
,83,PERSIB ,Semen Padang ,PERSIB vs Semen Padang ,1,1,0,Stadion Si Jalak Harupat,Bandung,Weekday,Malam,1/11/2024,19:00:00
,84,PSIS ,Persebaya,PSIS vs Persebaya,0,1,15667,Stadion Kapten I Wayan Dipta ,Bali,Weekend,Sore,2/11/2024,15:30:00
,85,Borneo FC ,Dewa United,Borneo FC vs Dewa United,1,0,7652,Stadion Batakan,Balikpapan,Weekend,Sore,2/11/2024,19:00:00
,86,PSBS Biak ,Bali United,PSBS Biak vs Bali United,2,0,0,Stadion Kapten I Wayan Dipta ,Bali,Weekend,Malam,3/11/2024,15:30:00
,87,PERSIS ,PSS Sleman ,PERSIS vs PSS Sleman ,0,2,0,Stadion Manahan,Solo,Weekend,Sore,3/11/2024,19:00:00
,88,Persita ,Malut United,Persita vs Malut United,1,1,1127,Stadion Pakansari,Bogor,Weekday,Malam,4/11/2024,15:30:00
,89,PSM Makassar ,Persik,PSM Makassar vs Persik,1,1,1582,Stadion Batakan,Balikpapan,Weekday,Malam,4/11/2024,19:00:00
,90,Persija ,Madura United,Persija vs Madura United,4,1,553,Stadion Pakansari,Bogor,Weekday,Sore,6/11/2024,19:00:00
,91,Malut United ,PERSIS,Malut United vs PERSIS,3,0,0,Stadion Brawijaya,Kediri,Weekday,Sore,21/11/2024,15:30:00
,92,Madura United ,Arema FC,Madura United vs Arema FC,2,4,0,Stadion Gelora Bangkalan,Madura,Weekday,Malam,21/11/2024,15:30:00
,93,Semen Padang ,PSM Makassar,Semen Padang vs PSM Makassar,1,1,0,Stadion Haji Agus Salim,Padang,Weekday,Sore,21/11/2024,19:00:00
,94,PSS Sleman ,PSBS Biak,PSS Sleman vs PSBS Biak,0,1,0,Stadion Sultan Agung,Bantul,Weekday,Sore,22/11/2024,15:30:00
,95,Persebaya,Persija,Persebaya vs Persija,2,1,9180,Stadion Gelora Bung Tomo,Surabaya,Weekday,Sore,22/11/2024,15:30:00
,96,Persib ,Borneo FC,Persib vs Borneo FC,1,0,11659,Stadion Si Jalak Harupat,Bandung,Weekday,Malam,22/11/2024,19:00:00
,97,Persik ,PSIS,Persik vs PSIS,0,1,2054,Stadion Brawijaya,Kediri,Weekend,Sore,23/11/2024,15:30:00
,98,Barito putera ,Persita,Barito putera vs Persita,0,2,5293,Stadion Demang Lehman,Martapura,Weekend,Sore,23/11/2024,15:30:00
,99,Dewa United ,Bali United,Dewa United vs Bali United,1,0,353,Stadion Pakansari,Bogor,Weekend,Malam,23/11/2024,19:00:00
,100,PSIS,Semen Padang,PSIS vs Semen Padang,1,0,0,Stadion Moch. Soebroto,Magelang,Weekend,Sore,1/12/2024,15:30:00
,101,Bali United,PERSIB,Bali United vs PERSIB,3,0,10167,Stadion Kapten I Wayan Dipta ,Bali,Weekend,Sore,1/12/2024,15:30:00
,102,Persija ,Persik,Persija vs Persik,2,0,170,Jakarta International Stadium,Jakarta,Weekend,Malam,1/12/2024,19:00:00
,103,PSBS Biak ,Malut United,PSBS Biak vs Malut United,1,3,0,Stadion Lukas Enembe,Jayapura,Weekday,Sore,2/12/2024,15:30:00
,104,PSM Makassar ,Borneo FC,PSM Makassar vs Borneo FC,1,0,4868,Stadion Batakan,Balikpapan,Weekday,Sore,2/12/2024,15:30:00
,105,Madura United,Persebaya,Madura United vs Persebaya,1,2,6153,Stadion Gelora Bangkalan,Madura,Weekday,Malam,2/12/2024,19:00:00
,106,Arema FC ,Persita,Arema FC vs Persita,3,0,59,Stadion Gelora Soeprojadi,Blitar,Weekday,Sore,3/12/2024,15:30:00
,107,Dewa United,PSS Sleman,Dewa United vs PSS Sleman ,2,1,932,Stadion Pakansari,Bogor,Weekday,Sore,3/12/2024,15:30:00
,108,PERSIS,Barito Putera,PERSIS vs Barito Putera,0,0,12129,Stadion Manahan,Solo,Weekday,Malam,3/12/2024,19:00:00
,109,Persik,Madura United,Persik vs Madura United,,,1209,Stadion Brawijaya,Kediri,Weekday,Sore,6/12/2024,15:30:00
,110,Borneo FC ,PSIS,Borneo FC vs PSIS,,,9968,Stadion Batakan,Balikpapan,Weekday,Malam,6/12/2024,19:00:00
,111,Semen Padang ,Persija,Semen Padang vs Persija,,,0,Stadion Haji Agus Salim,Padang,Weekend,Sore,7/12/2024,15:30:00
,112,Persebaya,Arema FC,Persebaya vs Arema FC,,,27000,Stadion Gelora Bung Tomo,Surabaya,Weekend,Sore,7/12/2024,15:30:00
,113,Malut United ,Dewa United,Malut United vs Dewa United,,,0,Stadion Brawijaya,Kediri,Weekend,Sore,7/12/2024,15:30:00
,114,Bali United,PSM Makassar,Bali United vs PSM Makassar,,,3304,Stadion Kapten I Wayan Dipta ,Bali,Weekend,Malam,7/12/2024,19:00:00
,115,Barito putera ,PSBS Biak,Barito putera vs PSBS Biak,,,0,Stadion Demang Lehman,Martapura,Weekend,Sore,8/12/2024,15:30:00
,116,Persita ,PERSIS,Persita vs PERSIS,,,2637,Stadion Pekansari,Bogor,Weekend,Malam,8/12/2024,19:00:00
,117,PSS Sleman,Persib,PSS Sleman vs Persib,,,13549,Stadion Sultan Agung,Bantul,Weekday,Malam,9/12/2024,19:00:00
,118,Madura United,Semen Padang,Madura United vs Semen Padang,,,0,Stadion Gelora Bangkalan,Madura,Weekday,Sore,10/12/2024,15:30:00
,119,Persija ,Borneo FC,Persija vs Borneo FC ,,,10927,Jakarta International Stadium,Jakarta,Weekday,Malam,10/12/2024,19:00:00
,120,Persebaya,Persik,Persebaya vs Persik,,,8372,Stadion Gelora Bung Tomo,Surabaya,Weekday,Sore,11/12/2024,15:30:00
,121,PSIS,Bali United,PSIS vs Bali United,,,6649,Stadion Moch. Soebroto,Magelang,Weekday,Malam,11/12/2024,19:00:00
,122,PSBS Biak ,Persita,PSBS Biak vs Persita ,,,0,Stadion Lukas Enembe,Jayapura,Weekday,Sore,12/12/2024,15:30:00
,123,Arema FC ,PERSIS,Arema FC vs PERSIS,,,110,Stadion Gelora Soeprojadi,Blitar,Weekday,Sore,12/12/2024,15:30:00
,124,Dewa United,Barito Putera,Dewa United vs Barito Putera ,,,267,Stadion Pekansari,Bogor,Weekday,Malam,12/12/2024,19:00:00
,125,PSM Makassar ,PSS Sleman,PSM Makassar vs PSS Sleman ,,,1244,Stadion Batakan,Balikpapan,Weekday,Sore,13/12/2024,15:30:00
,126,PERSIB,Malut United,PERSIB vs Malut United,,,0,Stadion Si Jalak Harupat,Bandung,Weekday,Malam,13/12/2024,19:00:00
,127,Borneo FC ,Madura United,Borneo FC vs Madura United,,,2406,Stadion Batakan,Balikpapan,Weekend,Malam,14/12/2024,19:00:00
,128,Semen Padang ,Persebaya,Semen Padang vs Persebaya,,,0,Stadion Haji Agus Salim,Padang,Weekend,Sore,15/12/2024,15:30:00
,129,Bali United,Persija,Bali United vs Persija,,,9499,Stadion Kapten I Wayan Dipta ,Bali,Weekend,Malam,15/12/2024,19:00:00
,130,Persik,Arema FC,Persik vs Arema FC,,,5872,Stadion Brawijaya,Kediri,Weekday,Sore,16/12/2024,15:30:00
,131,Persita ,Dewa United,Persita vs Dewa United,,,1858,Stadion Pakansari,Bogor,Weekday,Sore,16/12/2024,15:30:00
,132,PERSIS,PSBS Biak,PERSIS vs PSBS Biak,,,0,Stadion Manahan,Solo,Weekday,Malam,16/12/2024,19:00:00
,133,Malut United ,PSM Makassar,Malut United vs PSM Makassar,,,0,Stadion Brawijaya,Kediri,Weekday,Sore,17/12/2024,15:30:00
,134,PSS Sleman,PSIS,PSS Sleman vs PSIS,,,15669,Stadion Sultan Agung,Bantul,Weekday,Malam,17/12/2024,19:00:00
,135,Barito putera ,PERSIB,Barito Putera vs PERSIB,,,0,Stadion Demang Lehman,Martapura,Weekday,Malam,18/12/2024,19:00:00
,136,Madura United,Bali United,Madura United vs Bali United,,,643,Stadion Gelora Bangkalan,Madura,Weekday,Sore,20/12/2024,15:30:00
,137,Persebaya,Borneo FC,Persebaya vs Borneo FC,,,12021,Stadion Gelora Bung Tomo,Surabaya,Weekday,Malam,20/12/2024,19:00:00
,138,Arema FC ,PSBS Biak,Arema FC vs PSBS Biak,,,0,Stadion Gelora Soeprijadi,Blitar,Weekend,Sore,21/12/2024,15:30:00
,139,Persik ,Semen Padang,Persik vs Semen Padang,,,0,Stadion Brawijaya,Kediri,Weekend,Sore,21/12/2024,15:30:00
,140,Dewa United,PERSIS,Dewa United vs PERSIS,,,977,Stadion Pakansari,Bogor,Weekend,Malam,21/12/2024,19:00:00
,141,Persija ,PSS Sleman,Persija vs PSS Sleman ,,,13913,Jakarta International Stadium,Jakarta,Weekend,Malam,21/12/2024,19:00:00
,142,PSIS,Malut United,PSIS vs Malut United,,,0,Stadion Moch. Soebroto,Magelang,Weekend,Sore,22/12/2024,15:30:00
,143,PSM Makassar ,Barito Putera,PSM Makassar vs Barito Putera,,,1602,Stadion Batakan,Balikpapan,Weekend,Sore,22/12/2024,15:30:00
,144,PERSIB,Persita,PERSIB vs Persita,,,7244,Stadion Si Jalak Harupat,Bandung,Weekend,Malam,22/12/2024,19:00:00
,145,Semen Padang ,Arema FC,Semen Padang vs Arema FC,,,0,Stadion Haji Agus Salim,Padang,Weekday,Sore,27/12/2024,15:30:00
,146,Borneo FC ,Persik,Borneo FC vs Persik,,,7724,Stadion Batakan,Balikpapan,Weekday,Malam,27/12/2024,19:00:00
,147,PSS Sleman,Madura United,PSS Sleman vs Madura United,,,14738,Stadion Sultan Agung,Bantul,Weekday,Malam,27/12/2024,19:00:00
,148,PSBS Biak ,Dewa United,PSBS Biak vs Dewa United,,,0,Stadion Lukas Enembe,Jayapura,Weekend,Siang,28/12/2024,13:30:00
,149,Malut United ,Persija,Malut United vs Persija,,,0,Stadion Brawijaya,Kediri,Weekend,Sore,28/12/2024,15:30:00
,150,Bali United,Persebaya,Bali United vs Persebaya,,,4507,Stadion Kapten I Wayan Dipta,Bali,Weekend,Malam,28/12/2024,19:00:00
,151,Persita ,PSM Makassar,Persita vs PSM Makassar,,,1247,Stadion Pakansari,Bogor,Weekend,Sore,29/12/2024,15:30:00
,152,Barito putera ,PSIS,Barito Putera vs PSIS,,,0,Stadion Demang Lehman,Martapura,Weekend,Malam,29/12/2024,19:00:00
,153,PERSIS,PERSIB,PERSIS vs PERSIB,,,15167,Stadion Manahan,Solo,Weekend,Malam,29/12/2024,19:00:00
,154,Malut United ,Madura United,Malut United vs Madura United,,,0,Stadion Brawijaya,Kediri,Weekday,Sore,10/1/2025,15:30:00
,155,Barito putera ,Persija,Barito Putera vs Persija,,,0,Stadion Demang Lehman,Martapura,Weekday,Sore,10/1/2025,15:30:00
,156,PSBS Biak ,PERSIB,PSBS Biak vs PERSIB,,,0,Stadion Lukas Enembe,Jayapura,Weekend,Siang,11/1/2025,13:30:00
,157,PSS Sleman,Persebaya,PSS Sleman vs Persebaya,,,13299,Stadion Sultan Agung,Padang,Weekend,Sore,11/1/2025,15:30:00
,158,Dewa United,Arema FC,Dewa United vs Arema FC ,,,957,Stadion Pakansari,Bogor,Weekend,Malam,11/1/2025,19:00:00
,159,Persita ,PSIS,Persita vs PSIS,,,4875,Stadion Pakansari,Bogor,Weekend,Sore,12/1/2025,15:30:00
,160,Bali United,Persik,Bali United vs Persik,,,7499,Stadion Kapten I Wayan Dipta,Bali,Weekend,Malam,12/1/2025,19:00:00
,161,PERSIS,PSM Makassar,PERSIS vs PSM Makassar,,,9753,Stadion Manahan,Solo,Weekday,Malam,13/1/2025,19:00:00
,162,Borneo FC ,Semen Padang,Borneo FC vs Semen Padang,,,0,Stadion Batakan,Balikpapan,Weekday,Malam,14/1/2025,19:00:00
,163,Persebaya,Malut United,Persebaya vs Malut United,,,0,Stadion Gelora Bung Tomo,Surabaya,Weekday,Sore,17/1/2025,15:30:00
,164,PERSIB,Dewa United,PERSIB vs Dewa United,,,6489,Stadion SI Jalak Harupat,Bandung,Weekday,Malam,17/1/2025,19:00:00
,165,PSM Makassar ,PSBS Biak,PSM Makassar vs PSBS Biak,,,0,Stadion Batakan,Balikpapan,Weekend,Sore,18/1/2025,15:30:00
,166,Madura United,Barito Putera,Madura United vs Barito Putera,,,423,Stadion Gelora Bangkalan,Madura,Weekend,Malam,18/1/2025,19:00:00
,167,Persik,PSS Sleman,Persik vs PSS Sleman,,,4744,Stadion Brawijaya,Kediri,Weekend,Sore,19/1/2025,15:30:00
,168,Borneo FC ,Arema FC,Borneo FC vs Arema FC,,,4717,Stadion Batakan,Balikpapan,Weekend,Sore,19/1/2025,15:30:00
,169,Persija ,Persita,Persija vs Persita,,,11763,Jakarta International Stadium,Jakarta,Weekend,Malam,19/1/2025,19:00:00
,170,Semen Padang ,Bali United,Semen Padang vs Bali United,,,0,Stadion Haji Agus Salim,Padang,Weekday,Sore,20/1/2025,15:30:00
,171,PSIS ,PERSIS,PSIS VS PERSIS,,,0,Stadion Moch. Soebroto,Magelang,Weekday,Malam,20/1/2025,19:00:00
,172,Arema FC ,PERSIB,Arema FC vs PERSIB ,,,305,Stadion Gelora Soepriadi,Blitar,Weekday,Sore,24/1/2025,15:30:00
,173,Persita ,Madura United,Persita vs Madura United,,,544,Stadion Pakansari,Bogor,Weekday,Malam,24/1/2025,19:00:00
,174,Malut United ,Persik,Malut United vs Persik,,,0,Stadion Brawijaya,Ternate,Weekend,Sore,25/1/2025,15:30:00
,175,Barito putera ,Persebaya,Barito Putera vs Persebaya,,,3154,Stadion Demang Lehman,Martapura,Weekend,Malam,25/1/2025,19:00:00
,176,PSBS Biak ,PSIS,PSBS Biak vs PSIS,,,0,Stadion Lukas Enembe,Jayapura,Weekend,Siang,26/1/2025,13:30:00
,177,PSS Sleman,Semen Padang,PSS Sleman vs Semen Padang,,,0,Stadion Sultan Agung,Padang,Weekend,Sore,26/1/2025,15:30:00
,178,PERSIS,Persija,PERSIS vs Persija ,,,17010,Stadion Manahan,Solo,Weekend,Malam,26/1/2025,19:00:00
,179,Dewa United,PSM Makassar,Dewa United vs PSM Makassar,,,484,Stadion Pakansari,Bogor,Weekday,Malam,27/1/2025,19:00:00
,180,Bali United,Borneo FC,Bali United vs Borneo FC,,,9620,Stadion Dipta,Bali,Weekday,Malam,27/1/2025,19:00:00
,181,Persik ,Barito Putera,Persik vs Barito Putera,,,1203,Stadion Brawijaya,Kediri,Weekday,Sore,31/1/2025,15:30:00
,182,Persebaya,Persita,Persebaya vs Persita,,,3012,Stadion Gelora Bung Tomo,Surabaya,Weekday,Malam,31/1/2025,19:00:00
,183,Madura United,PERSIS,Madura United vs PERSIS,,,2891,Stadion Gelora Bangkalan,Madura,Weekend,Sore,1/2/2025,15:30:00
,184,PERSIB,PSM Makassar,PERSIB vs PSM Makassar,,,14060,Stadion SI Jalak Harupat,Bandung,Weekend,Malam,1/2/2025,19:00:00
,185,Borneo FC ,PSS Sleman,Borneo FC vs PSS Sleman,,,6914,Stadion Batakan,Balikpapan,Weekend,Sore,2/2/2025,15:30:00
,186,Semen Padang ,Malut United,Semen Padang vs Malut United,,,0,Stadion Haji Agus Salim,Padang,Weekend,Sore,2/2/2025,15:30:00
,187,Persija ,PSBS Biak,Persija vs PSBS Biak,,,0,Jakarta International Stadium,Jakarta,Weekend,Malam,2/2/2025,19:00:00
,188,Arema FC ,Bali United,Arema FC vs Bali United,,,288,Stadion Gelora Soeprijadi,Blitar,Weekday,Sore,3/2/2025,15:30:00
,189,PSIS,Dewa United,PSIS vs Dewa United,,,1484,Stadion Moch. Soebroto,Magelang,Weekday,Malam,3/2/2025,19:00:00
,190,Persita ,Persik,Persita vs Persik,,,2132,Stadion Pakansari,Bogor,Weekday,Sore,7/2/2025,15:30:00
,191,PERSIS,Persebaya,PERSIS vs Persebaya,,,15558,Stadion Manahan,Solo,Weekday,Malam,7/2/2025,19:00:00
,192,Barito putera ,Semen Padang,Barito Putera vs Semen Padang ,,,0,Stadion Demang Lehman,Martapura,Weekend,Sore,8/2/2025,15:30:00
,193,Madura United,PSBS Biak,Madura United vs PSBS Biak,,,0,Stadion Gelora Bangkalan,Madura,Weekend,Sore,8/2/2025,15:30:00
,194,Dewa United,Persija,Dewa United vs Persija,,,1225,Stadion Pakansari,Bogor,Weekend,Malam,8/2/2025,19:00:00
,195,PSS Sleman,Bali United,PSS Sleman vs Bali United,,,8574,Stadion Sultan Agung,Padang,Weekend,Sore,9/2/2025,15:30:00
,196,PSIS ,PERSIB,PSIS vs PERSIB,,,18785,Stadion Moch. Soebroto,Magelang,Weekend,Malam,9/2/2025,19:00:00
,197,Malut United ,Borneo FC,Malut United vs Borneo FC ,,,0,Stadion Brawijaya,Kediri,Weekday,Sore,10/2/2025,15:30:00
,198,Arema FC,PSM Makassar,Arema FC vs PSM Makassar,,,177,Stadion Gelora Soeprijadi,Blitar,Weekday,Malam,10/2/2025,19:00:00
,199,Semen Padang,Persita,Semen Padang vs Persita,,,0,Stadion Haji Agus Salim,Padang,Weekday,Sore,  14/2/25,  15:30:00
,200,Persik,PERSIS,Persik vs PERSIS,,,5968,Stadion Brawijaya,Kediri,Weekday,Malam,  14/2/25,  19:00:00
,201,Madura United,Dewa United,Madura United vs Dewa United,,,1882,Stadion Gelora Bangkalan,Madura,Weekend,Sore,  15/2/25,  15:30:00
,202,Persebaya,PSBS Biak,Persebaya vs PSBS Biak,,,0,Stadion Gelora Bung Tomo,Surabaya,Weekend,Malam,  15/2/25,  19:00:00
,203,Persija,PERSIB,Persija vs PERSIB,,,27920,Jakarta International Stadium,Jakarta,Weekend,Sore,  16/2/25,  15:30:00
,204,Borneo FC,Barito Putera,Borneo FC vs Barito Putera,,,5061,Stadion Batakan,Balikpapan,Weekend,Sore,  16/2/25,  15:30:00
,205,PSIS,PSM Makassar,PSIS vs PSM Makassar,,,3880,Stadion Moch. Soebroto,Magelang,Weekend,Malam,  16/2/25,  19:00:00
,206,Arema FC,PSS Sleman,Arema FC vs PSS Sleman,,,349,Stadion Gelora Soeprijadi,Blitar,Weekday,Sore,  17/2/25,  15:30:00
,207,Bali United,Malut United,Bali United vs Malut United,,,0,Stadion Kapten I Wayan Dipta,Bali,Weekday,Malam,  17/2/25,  19:00:00
,208,PSBS Biak,Persik,PSBS Biak vs Persik,,,0,Stadion Lukas Enembe,Jayapura,Weekday,Siang,  21/2/25,  13:30:00
,209,PERSIS,Semen Padang,PERSIS vs Semen Padang,,,0,Stadion Manahan,Solo,Weekday,Sore,  21/2/25,  15:30:00
,210,Dewa United,Persebaya,Dewa United vs Persebaya,,,435,Stadion Pakansari,Bogor,Weekday,Malam,  21/2/25,  19:00:00
,211,Persita,Borneo FC,Persita vs Borneo FC,,,1635,Stadion Pakansari,Bogor,Weekend,Sore,  22/2/25,  15:30:00
,212,PERSIB,Madura United,PERSIB vs Madura United,,,14769,Stadion Si Jalak Harupat,Bandung,Weekend,Malam,  22/2/25,  19:00:00
,213,Malut United,PSS Sleman,Malut United vs PSS Sleman ,,,0,Stadion Brawijaya,Kediri,Weekend,Sore,  23/2/25,  15:30:00
,214,PSM Makassar,Persija,PSM Makassar vs Persija ,,,7781,Stadion Batakan,Balikpapan,Weekend,Malam,  23/2/25,  19:00:00
,215,Arema FC,PSIS,Arema FC vs PSIS ,,,76,Stadion Gelora Soeprijadi,Blitar,Weekday,Sore,  24/2/25,  15:30:00
,216,Barito Putera,Bali United,Barito Putera vs Bali United,,,0,Stadion Demang Lehman,Martapura,Weekday,Malam,  24/2/25,  19:00:00
,217,Semen Padang,PSBS Biak,Semen Padang vs PSBS Biak,,,0,Stadion Haji Agus Salim,Padang,Weekend,Malam,  1/3/25,  20:30:00
,218,Persik,Dewa United,Persik vs Dewa United,,,2782,Stadion Brawijaya,Kediri,Weekend,Malam,  1/3/25,  20:30:00
,219,Persebaya,PERSIB,Persebaya vs PERSIB,,,21107,Stadion Gelora Bung Tomo,Surabaya,Weekend,Malam,  1/3/25,  20:30:00
,220,Borneo FC,PERSIS,Borneo FC vs PERSIS,,,7295,Stadion Batakan,Balikpapan,Weekend,Malam,  2/3/25,  20:30:00
,221,Bali United,Persita,Bali United vs Persita,,,2811,Stadion Kapten I Wayan Dipta,Bali,Weekend,Malam,  2/3/25,  20:30:00
,222,Madura United,PSM Makassar,Madura United vs PSM Makassar,,,1345,Stadion Gelora Bangkalan,Madura,Weekday,Malam,  3/3/25,  20:30:00
,223,PSS Sleman,Barito Putera,PSS Sleman vs Barito Putera,,,0,Stadion Sultan Agung,Bantul,Weekday,Malam,  3/3/25,  20:30:00
,224,Malut United,Arema FC,Malut United vs Arena FC,,,0,Stadion Brawijaya,Kediri,Weekday,Malam,  4/3/25,  20:30:00
,225,Persija,PSIS,Persija vs PSIS,,,18124,Jakarta International Stadium,Jakarta,Weekday,Malam,  4/3/25,  20:30:00
,226,Dewa United,Semen Padang,Dewa United vs Semen Padang ,,,0,Stadion Pakansari,Bogor,Weekday,Malam,  5/3/25,  20:30:00
,227,PERSIB,Persik,PERSIB vs Persik ,,,24925,Stadion Si Jalak Harupat,Bandung,Weekday,Malam,  5/3/25,  20:30:00
,228,PSBS Biak,Borneo FC,PSBS Biak vs Borneo FC ,,,0,Stadion Lukas Enembe,Jayapura,Weekday,Malam,  6/3/25,  18:30:00
,229,PERSIS,Bali United,PERSIS vs Bali United,,,7668,Stadion Manahan,Solo,Weekday,Malam,  6/3/25,  20:30:00
,230,PSM Makassar,Persebaya,PSM Makassar vs Persebaya,,,4818,Stadion Batakan,Balikpapan,Weekday,Malam,  7/3/25,  20:30:00
,231,Persita,PSS Sleman,Persita vs PSS Sleman ,,,3345,Stadion Pakansari,Bogor,Weekday,Malam,  7/3/25,  20:30:00
,232,Barito Putera,Malut United,Barito Putera vs Malut United ,,,0,Stadion Demang Lehman,Martapura,Weekend,Malam,  8/3/25,  20:30:00
,233,PSIS,Madura United,PSIS vs Madura United,,,1994,Stadion Moch. Soebroto,Magelang,Weekend,Malam,  8/3/25,  20:30:00
,234,Persija,Arema FC,Persija vs Arema FC,,,21211,Jakarta International Stadium,Jakarta,Weekend,Malam,  9/3/25,  20:30:00
,235,Dewa United,Borneo FC,Dewa United vs Borneo FC,,,0,Stadion Pakansari,Bogor,Weekday,Malam,  10/3/25,  20:30:00
,236,Semen Padang,PERSIB,Semen Padang vs PERSIB,,,0,Stadion Haji Agus Salim,Padang,Weekday,Malam,  10/3/25,  20:30:00
,237,Bali United,PSBS Biak,Bali United vs PSBS Biak,,,0,Stadion Kapten I Wayan Dipta,Bali,Weekday,Malam,  11/3/25,  20:30:00
,238,PSS Sleman,PERSIS,PSS Sleman vs PERSIS,,,15561,Stadion Sultan Agung,Bantul,Weekday,Malam,  11/3/25,  20:30:00
,239,Persik,PSM Makassar,Persik vs PSM Makassar,,,3218,Stadion Brawijaya,Kediri,Weekday,Malam,  11/3/25,  20:30:00
,240,Persebaya,PSIS,Persebaya vs PSIS,,,7295,Stadion Gelora Bung Tomo,Surabaya,Weekday,Malam,  12/3/25,  20:30:00
,241,Malut United,Persita,Malut United vs Persita,,,0,Stadion Brawijaya,Kediri,Weekday,Malam,  12/3/25,  20:30:00
,242,Madura United,Persija,Madura United vs Persija,,,4616,Stadion Gelora Bangkalan,Madura,Weekday,Malam,  13/3/25,  20:30:00
,243,Arema FC,Barito Putera,Arema FC vs Barito Putera,,,87,Stadion Gelora Soeprijadi,Blitar,Weekday,Malam,  13/3/25,  20:30:00
,244,PSBS Biak,PSS Sleman,PSBS Biak vs PSS Sleman,,,0,Stadion Lukas Enembe,Jayapura,Weekday,Siang,  10/4/25,  14:30:00
,245,PSM Makassar,Semen Padang,PSM Makassar vs Semen Padang,,,0,Stadion Batakan,Balikpapan,Weekday,Sore,  10/4/25,  16:30:00
,246,Bali United,Dewa United,Bali United vs Dewa United,,,5489,Stadion Kapten I Wayan Dipta,Bali,Weekday,Malam,  10/4/25,  20:00:00
,247,PSIS,Persik,PSIS vs Persik,,,1812,Stadion Moch. Soebroto,Blitar,Weekday,Sore,  11/4/25,  16:30:00
,248,Borneo FC,PERSIB,Borneo FC vs PERSIB,,,11997,Stadion Batakan,Balikpapan,Weekday,Malam,  11/4/25,  20:00:00
,249,PERSIS,Malut United,PERSIS vs Malut United,,,0,Stadion Manahan,Solo,Weekend,Sore,  12/4/25,  16:30:00
,250,Persija,Persebaya,Persija vs Persebaya,,,55103,Jakarta International Stadium,Jakarta,Weekend,Malam,  12/4/25,  20:00:00
,251,Persita,Barito Putera,Persita vs Barito Putera,,,1143,Stadion Pakansari,Bogor,Weekend,Sore,  13/4/25,  16:30:00
,252,Arema FC,Madura United,Arema FC vs Madura United,,,60,Stadion Gelora Soeprijadi,Blitar,Weekend,Malam,  13/4/25,  20:00:00
,253,Semen Padang,PSIS,Semen Padang vs PSIS,,,0,Stadion Haji Agus Salim,Padang,Weekday,Sore,  17/4/25,  16:30:00
,254,PSS Sleman,Dewa United,PSS Sleman vs Dewa United,,,4374,Stadion Sultan Agung,Bantul,Weekday,Malam,  17/4/25,  20:00:00
,255,Malut United,PSBS Biak,Malut United vs PSBS Biak,,,0,Stadion Brawijaya,Kediri,Weekday,Sore,  18/4/25,  16:30:00
,256,Borneo FC,PSM Makassar,Borneo FC vs PSM Makassar,,,9378,Stadion Batakan,Balikpapan,Weekday,Sore,  18/4/25,  16:30:00
,257,PERSIB,Bali United,PERSIB vs Bali United,,,8975,Stadion Si Jalak Harupat,Bandung,Weekday,Malam,  18/4/25,  20:00:00
,258,Barito Putera,PERSIS,Barito Putera vs PERSIS,,,6523,Stadion Demang Lehman,Martapura,Weekend,Sore,  19/4/25,  16:30:00
,259,Persik,Persija,Persik vs Persija,,,4957,Stadion Brawijaya,Kediri,Weekday,Malam,  21/4/25,  20:00:00
,260,Persita,Arema FC,Persita vs Arema FC,,,1746,Stadion Pakansari,Bogor,Weekend,Sore,  20/4/25,  16:30:00
,261,Persebaya,Madura United,Persebaya vs Madura United,,,5583,Stadion Gelora Bung Tomo,Surabaya,Weekend,Malam,  20/4/25,  20:00:00
,262,PSIS,Borneo FC,PSIS vs Borneo ,,,3478,Stadion Moch. Soebroto,Magelang,Weekday,Sore,  25/4/25,  16:30:00
,263,Dewa United,Malut United,Dewa United vs Malut United ,,,0,Stadion Pakansari,Bogor,Weekday,Sore,  25/4/25,  16:30:00
,264,PSM Makassar,Bali United,PSM Makassar vs Bali United ,,,4031,Stadion Batakan,Balikpapan,Weekday,Malam,  25/4/25,  20:00:00
,265,PSBS Biak,Barito Putera,PSBS Biak vs Barito Putera,,,0,Stadion Lukas Enembe,Jayapura,Weekend,Siang,  26/4/25,  14:30:00
,266,PERSIB,PSS Sleman,PERSIB vs PSS Sleman,,,16100,Stadion Si Jalak Harupat,Bandung,Weekend,Malam,  26/4/25,  20:00:00
,267,PERSIS,Persita,PERSIS vs Persita ,,,14235,Stadion Manahan,Solo,Weekend,Sore,  27/4/25,  16:30:00
,268,Persija,Semen Padang,Persija vs Semen Padang,,,0,Jakarta International Stadium,Jakarta,Weekend,Malam,  27/4/25,  20:00:00
,269,Arema FC,Persebaya,Arema FC vs Persebaya,,,0,Stadion Gelora Soeprijadi,Blitar,Weekday,Sore,  28/4/25,  16:30:00
,270,Madura United,Persik,Madura United vs Persik,,,2216,Stadion Gelora Bangkalan,Madura,Weekday,Malam,  28/4/25,  20:00:00
,271,Bali United,PSIS,Bali United vs PSIS,,,1244,Stadion Kapten I Wayan Dipta,Bali,Weekday,Malam,  1/5/25,  20:00:00
,272,Malut United,PERSIB,Malut United vs PERSIB,,,0,Stadion Brawijaya,Kediri,Weekday,Sore,  2/5/25,  16:30:00
,273,Barito Putera,Dewa United,Barito Putera vs Dewa United,,,4337,Stadion Demang Lehman,Martapura,Weekday,Malam,  2/5/25,  20:00:00
,274,Persita,PSBS Biak,Persita vs PSBS Biak,,,0,Stadion Pakansari,Bogor,Weekend,Sore,  3/5/25,  16:30:00
,275,PSS Sleman,PSM Makassar,PSS Sleman vs PSM Makassar ,,,14433,Stadion Sultan Agung,Bantul,Weekend,Malam,  3/5/25,  20:00:00
,276,Semen Padang,Madura United,Semen Padang vs Madura United,,,0,Stadion Haji Agus Salim,Padang,Weekend,Sore,  4/5/25,  16:30:00
,277,Borneo FC,Persija,Borneo FC vs Persija,,,11183,Stadion Batakan,Balikpapan,Weekend,Malam,  4/5/25,  20:00:00
,278,Persik,Persebaya,Persik vs Persebaya,,,5473,Stadion Brawijaya,Kediri,Weekday,Sore,  5/5/25,  16:30:00
,279,PERSIS,Arema FC,PERSIS vs Arema FC,,,0,Stadion Manahan,Solo,Weekday,Malam,  5/5/25,  20:00:00
,280,PSIS,PSS Sleman,PSIS vs PSS Sleman ,,,11763,Stadion Moch. Soebroto,Magelang,Weekday,Sore,  9/5/25,  16:30:00
,281,Dewa United,Persita,Dewa United vs Persita,,,700,Stadion Pakansari,Bogor,Weekday,Sore,  9/5/25,  16:30:00
,282,PERSIB,Barito Putera,PERSIB vs Barito Putera,,,7536,Stadion Si Jalak Harupat,Bandung,Weekday,Malam,  9/5/25,  20:00:00
,283,PSM Makassar,Malut United,PSM Makassar vs Malut United,,,0,Stadion Batakan,Balikpapan,Weekend,Sore,  10/5/25,  16:30:00
,284,Madura United,Borneo FC,Madura United vs Borneo FC,,,3235,Stadion Gelora Bangkalan,Madura,Weekend,Sore,  10/5/25,  16:30:00
,285,Persija,Bali United,Persija vs Bali United ,,,11923,Jakarta International Stadium,Jakarta,Weekend,Malam,  10/5/25,  20:00:00
,286,PSBS Biak,PERSIS,PSBS Biak vs PERSIS ,,,0,Stadion Lukas Enembe,Jayapura,Weekend,Siang,  11/5/25,  14:30:00
,287,Arema FC,Persik,Arema FC vs Persik,,,108,Stadion Gelora Soeprijadi,Blitar,Weekend,Sore,  11/5/25,  16:30:00
,288,Persebaya,Semen Padang,Persebaya vs Semen Padang,,,0,Stadion Gelora Bung Tomo,Surabaya,Weekend,Malam,  11/5/25,  20:00:00
,289,Malut United,PSIS,Malut United vs PSIS,,,0,Stadion Brawijaya,Kediri,Weekday,Sore,  16/5/25,  16:30:00
,290,Persita,PERSIB,Persita vs PERSIB ,,,0,Stadion Pakansari,Bogor,Weekday,Malam,  16/5/25,  20:00:00
,291,Barito Putera,PSM Makassar,Barito Putera vs PSM Makassar,,,0,Stadion Demang Lehman,Martapura,Weekend,Sore,  17/5/25,  16:30:00
,292,Bali United,Madura United,Bali United vs Madura United,,,3800,Stadion Kapten I Wayan Dipta,Bali,Weekend,Sore,  17/5/25,  16:30:00
,293,PSS Sleman,Persija,PSS Sleman vs Persija ,,,15857,Stadion Sultan Agung,Bantul,Weekend,Malam,  17/5/25,  20:00:00
,294,PERSIS,Dewa United,PERSIS vs Dewa United,,,6626,Stadion Manahan,Solo,Weekend,Malam,  17/5/25,  20:00:00
,295,PSBS Biak,Arema FC,PSBS Biak vs Arema FC ,,,0,Stadion Lukas Enembe,Jayapura,Weekend,Siang,  18/5/25,  14:30:00
,296,Semen Padang,Persik,Semen Padang vs Persik,,,0,Stadion Haji Agus Salim,Padang,Weekend,Sore,  18/5/25,  16:30:00
,297,Borneo FC,Persebaya,Borneo FC vs Persebaya,,,9093,Stadion Batakan,Balikpapan,Weekend,Malam,  18/5/25,  20:00:00
,298,Persik,Borneo FC,Persik vs Borneo FC,,,3855,Stadion Brawijaya,Kediri,Weekend,Pagi,  25/5/25,  06:00:00
,299,Persebaya,Bali United,Persebaya vs Bali United,,,2124,Stadion Gelora Bung Tomo,Surabaya,Weekend,Pagi,  25/5/25,  06:00:00
,300,Persija,Malut United,Persija vs Malut United ,,,0,Jakarta International Stadium,Jakarta,Weekend,Pagi,  25/5/25,  06:00:00
,301,Arema FC,Semen Padang,Arema FC vs Semen Padang,,,0,Stadion Gelora Soeprijadi,Blitar,Weekend,Pagi,  25/5/25,  06:00:00
,302,PSIS,Barito Putera,PSIS vs Barito Putera,,,2509,Stadion Moch. Soebroto,Magelang,Weekend,Pagi,  25/5/25,  06:00:00
,303,PSM Makassar,Persita,PSM Makassar vs Persita ,,,3503,Stadion Batakan,Balikpapan,Weekend,Pagi,  25/5/25,  06:00:00
,304,Dewa United,PSBS Biak,Dewa United vs PSBS Biak ,,,0,Stadion Pakansari,Bogor,Weekend,Pagi,  25/5/25,  06:00:00
,305,Madura United,PSS Sleman,Madura United vs PSS Sleman,,,2006,Stadion Gelora Bangkalan,Madura,Weekend,Pagi,  25/5/25,  06:00:00
,306,PERSIB,PERSIS,Persib vs PERSIS,,,20260,Stadion Si Jalak Harupat,Bandung,Weekend,Pagi,  25/5/25,  06:00:00